ano,temp_Amon_TaiESM1_ssp1_2_6,temp_mpi_esm1_2_lr_ssp2_4_5,temp_gfdl_esm4_ssp5_8_5,temp_gfdl_esm4_ssp2_4_5,temp_mpi_esm1_2_lr_ssp1_2_6,temp_mpi_esm1_2_lr_ssp5_8_5,temp_Amon_TaiESM1_ssp2_4_5,temp_Amon_TaiESM1_ssp5_8_5,temp_gfdl_esm4_ssp1_2_6,prec_ec_earth3_veg_lr_ssp5_8_5,prec_access_cm2_ssp5_8_5,prec_access_cm2_ssp2_4_5,prec_access_cm2_ssp1_2_6,prec_ec_earth3_veg_lr_ssp1_2_6,prec_ec_earth3_veg_lr_ssp2_4_5,prec_merge,temp_samet
2015,20.014702,17.94523,18.194485,18.529356,16.793236,16.54167,19.857363,20.461576,18.679749,135.37061901006382,124.29977161955321,152.03357959399,128.9696404521237,111.00141950882971,82.48236872714187,159.73849,18.41888
2016,19.565866,17.76144,17.930939,18.254995,18.27304,18.155321,19.679893,19.552807,17.718796,128.6890533490805,235.00891264120582,122.31614497723058,98.4357216351782,81.86243218915479,82.22703680803534,129.18713,17.35415
2017,20.29056,16.984621,18.625118,18.830477,17.777,18.41159,19.884912,20.384796,19.022314,112.8811204485828,173.86289495334495,129.1453311278019,162.40476339444285,150.08005466661416,105.31600697577232,124.37553,18.14327
2018,19.668598,17.184065,18.240461,19.058432,15.788307,18.291807,19.53987,20.650316,19.665884,102.26206048100721,245.78252789215185,223.3038992882939,134.56623532692902,94.82326221477706,150.00396071118303,113.65976,17.84457
2019,20.44103,17.159367,19.63765,18.411642,17.712101,18.094664,19.889257,20.756845,18.292786,138.99243813939393,219.86985268013086,166.43391730904114,179.39980412920704,136.66054372588405,120.00887074973434,132.21355,18.44036
2020,19.938852,18.321566,19.513176,18.609648,18.128933,16.939087,19.917242,20.872368,18.501396,166.6010653192643,143.16820545791415,157.72932351683266,180.82788519677706,91.77585269862902,143.21770843234845,111.36441,17.84654
2021,20.043985,18.443308,20.07612,19.285597,17.70462,17.544088,20.869452,20.730427,19.7217,124.70750145439524,258.7104271282442,128.30084174493095,93.72130228657625,158.91024968004785,156.36317253811285,121.28284,17.53975
2022,19.286901,17.90017,19.012913,19.400328,18.696663,16.934122,20.580801,20.236078,20.189135,92.80393702501897,137.84549867268652,174.52601738332305,144.65396352752578,101.48748181309202,136.26370502170175,149.48109,17.3303
2023,19.747805,17.309034,19.26596,18.326876,18.2694,17.339903,19.484026,20.940022,17.667017,155.06345427129418,169.514825483202,118.923126586742,140.9336901968345,120.23205317527754,125.93292777019087,155.76582,18.10225
2024,21.451284,17.025927,18.45751,18.952257,17.90019,16.757425,21.483953,20.486208,18.447859,63.30222318938468,160.69081555469893,209.98903141880874,216.13424156676047,141.20526934275404,92.00554278795607,134.24266,18.48154
2025,20.389175,17.252005,19.76446,17.55284,18.362766,18.051912,20.858532,20.565414,17.864916,158.7486119417008,145.68956285656895,78.09993664195645,208.3304394094739,166.9561987335328,111.22726659814361,102.01264,17.68752
2026,20.669914,17.038198,18.883219,19.46582,17.459307,17.722246,19.879156,19.834837,18.832056,89.6038220525952,277.274978288915,87.41841998125892,104.45624350832077,94.55104217413464,106.07881258183625,96.34631,17.87738
2027,21.31756,17.309183,19.318144,19.716585,17.418306,18.179382,19.983023,20.31028,18.755033,78.91991302894894,211.84756613220088,128.93889951446909,143.50905718747526,52.55558686185395,78.15187926098588,,
2028,20.440872,19.291819,20.996012,18.818676,16.796553,18.693502,20.553598,20.597578,18.139002,118.1173612276325,163.50272506533656,134.8935377493035,118.5079073315137,95.57049601280596,118.74554328387603,,
2029,20.398996,19.537485,18.569193,17.731615,17.890038,17.631231,19.98168,19.860422,19.162958,147.12142395728733,163.41085666936124,89.75113143824274,190.77439396642148,122.40118497284129,163.79561664070934,,
2030,21.167585,18.010496,18.609217,20.20848,18.966667,17.193521,21.35103,20.40033,19.339426,150.47755151172169,168.0629599664826,110.52120922140602,152.17930731669185,130.3076999320183,151.1197302461369,,
2031,20.126333,18.367186,18.90162,19.045603,18.504171,18.144976,20.28074,20.979017,19.494925,121.67917868646327,234.2732434051868,237.19750923046377,145.42425982654095,176.46660815225914,152.92181158438325,,
2032,19.831985,17.707014,18.728136,19.59029,17.796999,17.60733,19.805716,21.055979,19.328028,115.33903998497408,173.28709526918828,137.9121304678847,179.93076800485142,87.43374909663544,79.36677885591052,,
2033,20.477015,16.950415,18.932978,18.001055,17.795889,18.015709,21.34067,21.339212,18.704323,204.63943543145433,325.6733278016327,157.39555812324397,270.678510441212,50.14863555138618,117.07335379105643,,
2034,20.883766,18.420692,19.342394,19.05987,17.183882,17.941124,20.320349,20.943472,19.581345,94.81148269842379,206.425963203219,307.40105918375775,148.41113546281122,115.33259473908402,132.10498987755273,,
2035,20.522995,19.192492,17.857029,19.541584,17.045555,17.145796,20.641108,21.127192,19.40943,88.67676251975354,181.1436339841748,158.05421349650715,146.9789064663928,120.5779757379787,96.77107023453573,,
2036,20.828573,17.590082,17.976421,18.956217,17.747194,17.422874,21.55866,21.783606,18.833498,92.65840610896703,127.88608316041064,151.79232594673522,96.61067385604838,107.92404361709487,200.1931659062393,,
2037,21.68296,17.950844,19.07206,21.325459,16.992846,17.608477,21.641676,21.170574,18.892624,192.75716071715578,139.82347570272395,86.02426547877258,175.61687409470323,51.60048468314926,173.55585647164844,,
2038,20.47709,17.74517,19.305273,19.547653,18.359009,17.616808,21.403028,20.89158,19.396585,107.46672696259338,161.2912143173162,146.1490849556867,135.7174804485112,203.01760902511887,147.7309774782043,,
2039,19.85297,18.912079,19.40818,19.040932,18.20231,17.080183,20.564714,21.2803,18.468054,106.98654412699398,160.51880769082345,107.62499265256338,115.43200076994253,87.17541256919503,91.41750174458139,,
2040,20.836262,16.817808,19.257383,19.615763,17.966692,18.591188,21.654976,20.993443,18.549452,135.17383744911058,119.50993174905307,249.58256742102094,156.18539130009594,194.10580176045187,116.70496924925828,,
2041,20.99382,19.076368,20.579823,20.462587,17.311808,19.056763,20.94342,22.233309,20.66628,74.43274536271929,194.2159380298108,133.5706759171444,102.6298849566956,75.97399990190752,146.94230088789482,,
2042,21.37821,19.46272,19.08888,18.694149,17.972382,17.574514,21.399208,21.92817,18.854593,114.83783395669889,119.77901091158856,143.60225944546983,144.26814692124026,76.36455997781013,188.57161748455837,,
2043,21.207012,18.584913,19.130436,20.476376,17.350779,19.03634,20.127699,20.64934,17.957617,148.3251899771858,289.95475925621577,144.98408533399925,242.29959480289835,87.3088557025767,138.79669104280765,,
2044,20.626928,19.217203,19.43151,19.9695,17.736721,18.644684,21.356321,21.828997,18.181576,138.72311697341502,145.08651632932015,89.43094246205874,127.50341456121532,150.95780976698734,162.2382058238145,,
2045,21.121998,17.938238,18.331116,18.560352,18.21486,18.11315,21.742903,21.173435,19.639084,72.33552097932261,254.00810508581344,185.80782094068127,190.05634246277623,128.207593857951,119.83707153412979,,
2046,20.954065,17.679998,19.423569,18.785128,17.710869,17.779093,21.954676,21.068604,19.585487,230.3777646040544,210.77908483275678,223.30947815207765,136.1458761995891,150.83829718641937,147.52790146158077,,
2047,21.545683,19.579014,19.004578,19.061232,20.099575,18.973871,22.317003,21.085546,18.744457,83.76784365864296,107.19592788809678,197.37296197854448,218.3827992528677,163.24709160835482,128.7268565793056,,
2048,21.363564,18.60269,19.714396,18.21713,17.423529,18.21425,21.178236,21.468904,19.708733,158.47124989377335,226.52496461814735,161.55375251109945,151.3206778334279,67.95442613511113,99.17070688388776,,
2049,21.505753,18.39639,20.243977,20.241158,17.245087,18.650957,21.468346,21.443108,19.805092,277.4623856996186,130.41940455368604,197.96157908567693,317.64068761258386,112.34831307374407,146.42474908323493,,
2050,20.603788,18.21018,19.495283,19.669256,18.778992,20.1266,21.833519,21.641706,19.267813,126.62574049027171,209.62964697391726,134.07067671505501,100.59378728619777,219.22966227284633,108.54374065529555,,
2051,20.754543,18.573435,18.157614,19.096533,18.302965,19.239473,21.298388,21.896852,18.98295,129.79230291384738,143.80054813809693,192.50571794982534,192.0499234664021,135.2655756068998,194.4427306065336,,
2052,21.460104,17.006687,19.594664,18.189621,17.737486,17.309845,21.331673,22.052626,19.413916,78.79552002195851,140.0359414939885,154.18412902217824,187.71305892441887,144.39980320748873,88.2381019910099,,
2053,21.501152,18.469503,19.893478,18.735693,17.4707,18.888823,21.52038,22.053812,19.034294,87.82695888148737,183.01569972827565,194.41349429471302,174.04359348875005,136.07637142413296,114.97097442916129,,
2054,20.82839,17.847006,19.153563,19.466387,17.849775,19.218431,21.69378,21.717712,19.504005,162.2721072519198,119.78110129275592,144.43101181823295,190.62574997660704,166.6734871978406,67.91409775614738,,
2055,21.463362,18.83394,19.50429,18.998728,18.224073,20.095795,21.12006,22.453417,20.637903,92.10373239620822,177.06930630665738,254.9118150374852,156.58927323238458,110.00705444603227,99.5578155037947,,
2056,21.252172,19.712181,19.531769,19.198101,19.479204,18.170929,20.766214,22.388786,20.114594,169.82827999745496,332.11459337035194,204.46444742556196,125.97756654286059,176.38445622869767,111.33388006710447,,
2057,22.244766,17.436415,19.498148,20.738335,19.040571,20.056091,21.247513,21.068342,19.48352,195.95116768759908,166.66098964051344,70.65468040036649,206.6149386257166,133.06401103036478,110.07959234411828,,
2058,21.77286,18.782167,19.174051,19.80356,18.216213,20.494757,20.82592,23.211725,18.382778,174.707711400697,171.2316089846354,302.0867693092441,228.35474526509643,200.84999916725792,162.01733755442547,,
2059,20.894855,19.66226,20.106821,19.565018,18.738325,19.79106,22.223818,22.297857,19.497051,82.05874217965174,120.71460513834609,208.88129758823197,162.66998597129714,114.18083408243547,157.21874086302705,,
2060,21.473654,19.790077,20.296597,20.02439,18.360209,20.343378,22.396645,22.841066,19.337748,85.55319425213384,275.1732758944854,130.53656506090192,86.54660135725862,126.98507268796675,129.6278730413178,,
2061,20.5031,18.174887,20.138758,19.572113,19.81835,19.107307,21.916296,21.909765,19.848906,103.08635824767407,163.24810597579926,290.6932768790284,216.8653831409756,134.6827458241023,114.22900327015668,,
2062,21.370222,19.041595,19.050201,19.886694,17.50216,18.102526,21.413095,22.563341,19.968056,224.9158867110964,223.42883177771,210.232549594366,135.12384604546241,81.19357777177356,113.05607867252547,,
2063,21.226175,19.37549,21.378214,19.964823,17.914328,18.81077,21.131222,22.071463,19.22424,68.36312663799617,269.6736720681656,179.8119672574103,102.50747572790715,96.35137883014977,165.0036688952241,,
2064,22.019974,18.676771,19.316198,19.367912,18.11435,18.388699,22.196884,22.75106,19.300339,141.43116835621186,136.93989371677162,129.17273874627426,198.6349689803319,177.01334852026775,138.28054213081487,,
2065,22.217844,17.573551,19.915968,20.601194,18.451792,18.469786,21.341576,22.594353,19.03275,132.49152173520997,89.8722184185317,216.94022341253003,218.60939570178743,133.3990495739272,92.47793336980976,,
2066,21.661268,19.32374,20.787973,19.624155,18.05935,19.303093,22.203346,22.387812,19.536217,208.69045015715528,139.12365145952208,207.20444486942142,101.75451179675292,129.80250838736538,166.11897497205064,,
2067,21.798597,18.73839,20.713898,19.32422,17.441141,18.901743,21.400652,23.573036,18.857166,167.8397337673232,424.01474968646653,196.70697715482675,202.78215042490046,100.869592447998,141.92223257850856,,
2068,21.890532,19.21943,20.56624,19.739618,19.30977,19.282322,21.779907,22.514204,18.357935,126.62224514060654,95.51832005163305,155.64491086697672,228.2093853704282,133.0791212443728,140.49515306105604,,
2069,20.727964,18.49019,21.110834,19.772085,17.793993,17.985054,21.887566,22.216688,20.241879,204.79507048730738,291.77589449391235,122.74970945509267,201.12485393037787,149.40843129297718,114.3956206360599,,
2070,21.18443,18.969988,20.895622,20.551538,17.184237,18.781403,22.414827,23.018217,18.561008,135.5239324795548,278.95979614695534,348.33463673712686,131.23111812165007,122.88988885120489,43.57571035143337,,
2071,21.433792,18.820192,21.77153,19.641073,18.18817,19.470184,22.8088,23.436691,18.591501,69.13426147875725,258.528711697727,240.80888445605524,231.28795081574935,140.1250138442265,120.08728229266126,,
2072,21.959028,20.006323,20.504898,19.564539,18.397186,18.212667,22.448013,23.428282,18.583597,175.06150547415018,125.51060054101981,209.2279364587739,136.91677511815215,87.23672829946736,77.18283959693508,,
2073,22.013502,19.224169,21.74488,20.153242,18.334568,18.40635,21.29032,22.900831,18.488962,123.41598005368724,270.1513732841704,169.38532737112837,111.62795373529661,150.19028547685593,119.45380601027864,,
2074,21.280207,19.339378,20.753405,19.6806,16.554352,18.224958,21.568733,23.113625,19.299189,194.45603980275337,272.1031851688167,119.51066215988249,249.9225431238301,108.93105695431586,124.1187850740971,,
2075,21.584932,19.022898,20.051666,19.068113,18.012472,19.771967,22.236961,23.66434,19.431355,149.7113677149173,188.30039407184813,162.45421637431718,161.92263028642628,226.0343455709517,176.14587106509134,,
2076,21.791983,19.083801,20.301413,19.87942,18.265852,19.776642,22.033531,23.257784,19.010008,126.1288407662505,309.08958933432586,158.7339976176736,137.22459748678375,168.41367723536678,100.09562823688611,,
2077,21.844435,18.184866,20.129316,18.423878,18.77363,20.00096,22.047083,23.707283,20.085714,142.91072376072407,167.64915742969606,250.34809271455742,191.54503209647373,117.32194678334054,93.03243445028784,,
2078,22.43625,18.879625,20.229578,17.959711,18.512678,20.329222,23.850645,23.835249,18.660078,149.6267504116986,217.91484068962745,159.75407238511252,151.19174106657738,139.95868868369143,104.74761753575876,,
2079,21.869118,19.315775,22.106262,19.451302,18.24885,19.788267,22.9975,23.306528,19.300669,195.3557547123637,54.65507834815071,193.26489386003232,135.65917030500714,109.82965575240087,227.29446997109335,,
2080,21.674292,18.491133,20.20574,20.176405,17.997458,20.092562,21.418007,23.951494,18.819052,154.56230930867605,153.11128523026127,200.00712468026904,142.06325697305147,99.72595565195661,89.59229787869845,,
2081,21.69116,18.885366,20.637968,20.242422,18.100485,20.872135,22.215233,23.90724,19.231184,172.316149060498,85.21647365596436,164.35149626486236,151.7212682054378,117.78839801845606,153.25195390032604,,
2082,21.037004,19.187803,21.305393,19.82391,17.981611,20.423414,22.804472,23.80234,19.625198,171.50329199794214,189.80849296494853,182.52454606517858,194.89581205998547,124.1585460898932,119.30314930505119,,
2083,20.897865,18.444153,21.03723,19.464905,17.60775,19.8094,22.753153,23.427452,19.253393,138.57019227580167,128.5536384122679,274.99452578485943,137.3034964199178,115.4172916256357,223.19421441061422,,
2084,21.065279,19.26206,20.358564,19.75447,17.281555,21.446478,22.491354,24.50065,18.095293,92.60577452805592,234.88655081600882,171.4177941714297,160.29065558686852,84.07693835761165,100.18173775461037,,
2085,22.016176,18.553688,20.965126,19.0656,17.895052,20.982077,21.609297,23.955313,18.895227,111.6092057141941,303.90413106651977,195.96289059554692,179.44673209349276,111.12209048587829,166.58379454747774,,
2086,21.63076,17.264246,21.187967,19.52167,19.034342,20.215242,22.934118,23.85814,19.637175,128.8339842867572,119.43332264054334,150.77706894662697,210.28472099569626,171.26931931707077,82.00554773648037,,
2087,21.877947,18.583656,21.180176,19.442734,17.805002,19.592882,22.106947,24.01143,18.314548,139.19685184228,366.4412714308128,145.02063687541522,248.13811593339778,124.38302588125225,91.53257534781005,,
2088,22.134232,19.091318,21.217493,19.628717,18.969173,20.831635,22.82361,24.209307,18.694038,205.0577935326146,212.24271594837774,194.51484638848342,112.61301513877697,132.46403727389406,174.98441691859625,,
2089,21.413477,18.24015,21.277826,19.528725,18.404684,20.429321,22.820787,24.66044,19.344934,89.68732238208759,252.59420843794942,224.52463377267122,180.37702595174778,144.72395931661595,186.44994538044557,,
2090,21.96739,19.973001,21.038054,19.779942,19.150103,20.644854,22.56624,24.176287,19.588415,131.90909632248804,211.41129805182572,256.84758267598227,203.42312624270562,131.53148124692962,110.88112948491471,,
2091,21.71099,18.39644,22.836885,19.459583,18.290932,20.281303,22.290049,25.330015,18.285639,176.50694433250464,223.87307910248637,187.4511498317588,246.34512521442957,203.92602980718948,139.4437158945948,,
2092,21.434448,19.759695,22.2566,19.616125,16.941956,20.992727,21.980158,24.73291,19.63462,140.49202061723918,241.22060275403783,330.9481672535185,274.132272778661,166.8971305974992,55.913834471357404,,
2093,22.592857,18.446291,21.602125,20.42248,17.222025,21.385298,22.499107,25.101837,19.22019,224.45644910330884,147.1433781873202,278.59462059277575,191.19495902268682,143.29369388578925,120.64926592865959,,
2094,21.92098,18.686897,22.46683,19.984467,17.624107,21.084343,22.321564,24.39522,18.733187,108.86685369769111,321.025082655251,163.38689179974608,146.94381163426442,89.06084394548088,131.35086301190313,,
2095,22.150038,18.197054,22.17761,19.64588,18.289076,21.746407,23.262276,24.792803,18.76262,67.6739554903179,244.37726267933613,144.0636448416626,131.0676546258037,169.22595720388927,134.96754561492708,,
2096,21.406012,18.706572,20.826027,19.92755,16.139257,20.959658,22.719404,24.860758,17.919367,95.0755488476716,153.05793819497922,303.04505508975126,201.81210947048385,97.39898133266252,124.35427964664996,,
2097,22.217247,19.832275,22.421274,20.183756,16.995897,21.406202,23.20365,25.632057,18.743004,212.10393428918906,147.6905175120919,144.48363153351238,246.14599906490184,73.19276294329029,124.52337155118585,,
2098,21.611616,18.875822,21.085413,20.130194,16.86498,21.253561,23.00191,25.288157,18.940874,181.15480812848546,253.54319117031991,212.0209540502401,124.28886174748186,90.15843061351916,170.0315202731872,,
2099,20.729471,18.94885,21.15039,19.429884,16.668814,21.170809,22.125013,24.765398,19.341513,122.94958376151044,262.99252346361754,224.72392305498943,100.2999179836479,147.6752110698726,126.85659114795271,,
2100,21.176926,19.44381,23.106339,20.51455,17.653105,21.467592,22.947477,25.366518,19.241175,152.3922934778966,408.03210764424875,146.527070493903,346.9884793565143,60.820523491929634,129.27843102661427,,
