,ano,temp_mpi_esm1_2_lr_ssp2_4_5,temp_gfdl_esm4_ssp5_8_5,temp_gfdl_esm4_ssp2_4_5,temp_mpi_esm1_2_lr_ssp1_2_6,temp_mpi_esm1_2_lr_ssp5_8_5,temp_gfdl_esm4_ssp1_2_6,prec_ec_earth3_veg_lr_ssp5_8_5,prec_access_cm2_ssp5_8_5,prec_access_cm2_ssp2_4_5,prec_access_cm2_ssp1_2_6,prec_ec_earth3_veg_lr_ssp1_2_6,prec_ec_earth3_veg_lr_ssp2_4_5
0,2015,16.82151,17.834606,18.129015,16.682251,17.057447,17.704433,160.7665784904384,196.1943259826512,179.8851037499844,194.20219164312584,172.4570998132549,143.5988979238573
1,2016,16.907333,17.558994,18.419334,17.921333,17.138155,18.469458,156.43484942265786,201.14769252104452,170.76454876823846,233.67500244239636,178.9284092293201,182.43827183760004
2,2017,17.056519,18.89553,18.419176,17.253624,17.474592,18.929731,184.5501307696395,213.17250720348966,211.0149940213887,206.65072546580632,207.22276304732077,191.76851764241292
3,2018,17.102299,18.916634,19.464853,16.655024,18.078972,18.206171,186.3363192533143,237.1840212814277,195.7135941585875,172.95694822532823,154.29886751517188,187.8622341042501
4,2019,17.040062,18.826094,18.203598,17.406837,16.84729,18.604465,177.54423759615747,242.54442606579687,172.88183594791917,183.49061450826412,170.8600568392285,135.39122661095462
5,2020,17.476006,18.471016,18.515324,17.482779,16.760874,18.449594,161.47133171944006,208.31015269905038,160.87803744703706,191.23488205041212,134.4889817542935,151.76772596896626
6,2021,17.969297,19.873716,18.780592,17.58013,17.221321,18.51258,151.03007203579182,192.5077466519724,206.5678307582857,208.29403188781725,212.90726061761234,197.4386283007334
7,2022,17.95302,19.142021,18.170284,17.287058,17.3106,18.58244,166.95960910292342,174.85815833624656,166.87000247402466,250.88987693961826,162.6921312601553,201.0475847928319
8,2023,16.966215,18.575794,18.450874,16.856047,17.709076,17.299063,158.72675966311363,188.89244748097553,200.42367919722892,187.31975437767687,166.10354800723144,182.09198857039155
9,2024,17.14607,18.391354,18.124142,17.362017,17.020271,18.27313,147.33112991743837,195.70979608906782,254.89770654276072,259.1362922288681,200.385402100801,136.58078710905102
10,2025,16.512716,18.850452,18.223549,17.376123,18.253014,18.851517,172.726574443368,221.30627932056086,176.11785004683043,242.31682574973092,178.37069455417804,161.0577454079248
11,2026,16.698042,18.058521,18.860975,17.40741,17.525194,19.252628,153.73453225547564,206.35506332982914,204.5787385028234,180.15751588136482,151.95971190751152,182.78135308466403
12,2027,17.320993,18.958681,19.248522,17.193663,18.039373,18.070671,181.92272219021106,213.9746867298527,168.56585874193115,154.43292333075078,154.9367591909686,169.52885993505333
13,2028,18.067654,19.829777,19.031145,17.28352,18.193913,18.660484,163.15846075412992,155.8450879811062,211.5215944024385,192.63492380032403,175.3821338475973,159.0605169400078
14,2029,18.752285,18.897762,18.954647,17.572256,16.924532,18.420708,183.43116382020526,177.98011690247222,145.1723434849555,217.97283274645451,154.9624340965238,172.14224082490546
15,2030,17.858042,18.367174,19.387333,18.28043,17.34316,18.538689,155.7258833296146,274.54511938558426,216.57938017351626,186.5100792116209,179.91349172807531,165.6152995859884
16,2031,17.78046,18.919193,18.378584,18.03877,17.887323,18.579844,179.56365345453378,202.26632393078035,194.26536275022954,209.44805613253266,202.45478657452622,218.54993636879954
17,2032,18.22502,18.456076,18.856037,17.253178,17.241499,18.848871,173.1453422406048,196.79346900193195,206.1579546028952,253.64759958101786,120.15240434652696,156.93140247749398
18,2033,17.148338,18.254734,17.774431,17.100935,17.25225,18.424599,213.68165255298663,235.52080366644077,232.0259376316244,243.94516024767654,126.32318094807715,154.2483848048505
19,2034,17.845114,18.19615,18.625002,16.795475,16.999998,18.39488,146.6916470999422,192.5651745264986,280.8331044197985,220.66405090426997,182.37590237358745,152.31354958705197
20,2035,18.02795,18.45679,18.492937,17.522575,17.010506,19.062563,182.25750266283285,209.25634801478736,208.58586491340247,190.5188491087756,159.2366733799281,164.17480341806368
21,2036,17.604353,18.735994,19.346598,17.898838,16.839272,18.468208,189.3955957981234,189.806019707612,164.17830992832023,212.1878868289059,162.0974387820752,223.44981202186318
22,2037,17.59135,19.382996,19.326694,17.019894,17.161333,18.515217,188.371376273426,228.91792102709587,194.84031375686754,240.16123334949953,163.65845437012467,179.72694051568396
23,2038,16.938189,18.664133,18.989101,17.396666,17.500546,18.823198,170.65029222867452,193.59188245134646,207.36732975201448,202.03298901124072,196.8594607891646,142.98338420048822
24,2039,18.136826,18.96839,18.070822,18.021812,17.791285,18.38471,136.17846145607473,208.89295103334007,180.4690522778401,233.98545142445073,149.55969838465535,163.0941951123532
25,2040,17.166025,19.08501,19.001377,17.599997,18.280806,18.171492,164.60938515665475,214.45748558853666,232.76250603303197,217.028429705897,169.1428778685804,185.07103722258762
26,2041,18.145445,20.20471,18.907967,17.822876,18.534159,19.428017,154.68028754748957,207.29830427189881,194.7646599561267,185.3031146176363,177.01751774657168,182.42396620171348
27,2042,18.312922,19.157934,18.777657,18.091417,18.334824,18.326683,146.11713151625736,174.5643645444943,230.2963261725381,234.49925668646756,157.87071044996992,184.35590481358304
28,2043,17.577589,19.088097,19.46803,17.644714,18.345512,18.232521,139.11971222096327,245.550456737692,206.660528654902,253.73003756976686,156.4478880198294,175.2556624238423
29,2044,18.088797,19.83063,19.973059,17.766026,17.688717,18.559027,184.67375476648158,190.36268029813073,179.87627793991123,165.74088384600145,192.42472813784843,180.69629948440706
30,2045,17.291176,18.652092,19.073576,17.997568,17.761902,19.082035,172.00195873710982,309.2670842572261,218.73372207155626,204.6298728499096,191.59447582678695,174.83381288620876
31,2046,17.330803,18.994125,18.458351,17.810163,18.005924,19.4593,231.0343348675815,254.38503643599688,272.1885922306683,189.7770326177124,196.05151341384044,156.9786603045941
32,2047,18.15734,18.875605,19.042715,18.96892,18.371805,19.153526,146.5211578041817,165.824621209822,247.8729056838347,227.6179971275269,163.58955803516437,180.76817439578008
33,2048,18.32765,20.189735,18.534128,17.66012,18.324263,19.05615,157.93314293077856,210.8669858185749,244.53293140795722,255.0517162782853,144.06979100858734,158.33349526055827
34,2049,17.818813,20.716923,18.581825,17.787014,18.735981,19.634289,256.1292534126551,207.41055216694804,170.02236129446828,230.6383831477433,177.4402411560004,186.4768049970735
35,2050,18.233206,19.7367,18.538942,18.253334,18.960087,19.135902,155.90001774085067,233.85602110429318,202.14959778131742,156.42199401918333,220.7718001838657,136.68652571795974
36,2051,17.641989,18.78843,18.975376,17.938023,18.238007,19.02617,212.44461925816722,223.11509773135185,200.15080924204085,253.93324431133806,176.20210820132343,199.9745728171547
37,2052,18.22849,19.498976,19.103298,17.165693,17.978376,19.587973,173.78180298528605,219.17893469362753,250.46302807368193,228.72406382703048,170.81371429303545,130.26285625019227
38,2053,18.012106,19.925968,19.019657,17.12388,18.68201,18.60817,152.68797831213305,235.1732248571352,225.39733715730108,215.34568485294585,167.00050352228573,158.1039347453043
39,2054,18.091446,20.107567,18.918467,17.946938,19.40616,18.965147,229.38377078753547,226.04502229733043,185.74750955885975,180.25606498486013,188.42789710433863,166.5639771930728
40,2055,18.150154,20.014317,19.380323,17.839064,18.89442,19.78415,151.26214229421748,270.1984750878182,228.90845387373702,186.47608454193687,181.9724002340081,212.05780616146512
41,2056,17.728065,19.153227,19.550722,18.919296,17.99707,18.71689,181.16164099919843,237.00462326705747,218.15084987829323,201.10423195037583,178.3076586390962,166.86144077029894
42,2057,17.421003,19.520277,19.312914,17.70165,19.47698,19.087482,208.3615988081874,246.43406737668556,208.12899591132918,232.1338575326081,178.40316282486128,151.94938257118338
43,2058,17.909784,19.896568,19.616753,17.970604,18.951315,19.159801,215.75585766331642,268.66010769476816,314.96724704411463,278.361274360941,203.05146383107058,175.21625617264363
44,2059,18.552969,19.487694,19.076914,18.01603,19.214348,19.078798,144.83650683359883,204.03496937105956,266.9036919345672,238.76821187404857,185.97956426410747,204.61785362640512
45,2060,18.65986,20.621658,19.244286,18.82444,19.153965,19.207066,173.1733664015337,240.25187406514306,187.40501031315944,199.85246875894518,172.74946700890723,178.79344931498053
46,2061,18.014627,19.608866,19.348639,17.964111,19.166908,19.00177,213.73076902455068,298.57387466181535,270.9996520927234,239.85917340505694,175.61383913416648,164.6205109249422
47,2062,18.249996,19.775932,19.643244,17.07019,18.028831,18.998802,214.13207145997148,260.0459493323797,232.66935205610935,191.37141579121817,169.54334791225847,162.0303514020634
48,2063,18.547813,20.651852,19.290253,17.343306,18.403954,19.49792,152.92303775426035,307.1188168905792,172.67924822299392,251.01905150859238,145.24654278648086,185.0295589392772
49,2064,18.268679,19.507463,19.581964,17.858883,18.58453,19.381338,182.65847221991862,249.91445440718962,274.3262799689546,233.82959465307067,202.9559475457063,160.9396855252271
50,2065,17.933228,20.127352,19.657936,17.647533,19.054562,18.54711,188.83069900657574,173.1803953648523,272.94442699967476,188.95908505510306,181.7955980252009,183.64467758510727
51,2066,18.450842,20.121614,19.290825,18.098562,18.954536,19.141298,180.6697060499573,208.11722086109512,186.11661270751938,189.96999749706447,175.89623205494718,184.40136726676428
52,2067,18.693068,20.346478,19.231018,17.900064,18.891924,18.981516,179.04740687808953,259.3442819430493,281.5244054690993,242.3123788603334,150.61068996728864,182.27848632086534
53,2068,18.402626,20.104906,19.492636,17.929258,18.865435,19.433542,178.65932754757523,221.73584633619612,280.6609378007124,233.42611335283436,181.74205512186745,163.67599016775785
54,2069,17.936928,20.479235,18.749908,17.086391,19.224861,19.138817,213.88782475787593,309.1532279388048,229.94837683236256,236.19413035958132,153.34065418574028,162.5681963912939
55,2070,18.243042,21.971413,19.715816,17.35591,19.16867,18.996082,167.3586199991405,273.6092534803902,253.64434682960564,201.832775409639,216.18657820290537,165.61831819908548
56,2071,18.254663,21.208294,19.144709,17.687351,19.657576,18.812683,140.18051854945952,282.89299849348026,246.15792333715945,262.85377423519094,184.53137657670595,176.405085127044
57,2072,18.570713,21.07306,19.180882,17.971697,18.61795,17.958351,178.77095270814607,216.02363518722996,257.026608956221,215.703653636956,155.35564146694014,144.64522616071918
58,2073,18.559513,21.686558,20.260677,17.600931,18.66729,18.033308,164.78132418687892,310.3836829752254,204.8513590472794,149.93729397501738,170.14522837271215,158.40044807719096
59,2074,18.71685,20.858717,19.050337,16.953276,19.234287,18.567139,226.07318870941526,286.85937562040635,215.68755899133976,247.7090836291609,157.32199416779622,159.76125434899586
60,2075,18.652586,20.156729,20.01072,18.749933,19.568943,18.815413,188.7515393056674,283.7096404469776,233.94352404793608,206.89855499767873,228.74125169764739,181.54355660662986
61,2076,18.569149,20.009605,19.277458,17.564707,19.69071,18.294024,136.88836026585705,305.9384486368799,259.92630448308773,210.41571416099032,173.3567904590018,159.63343465191429
62,2077,17.960754,20.764595,18.953209,18.284882,19.149529,19.36976,164.58739804020297,228.6061559421796,196.6542899292108,269.0901800740903,173.0471448157914,167.52236878419353
63,2078,18.82466,21.231638,19.122383,17.955952,19.526783,18.648325,190.35396903636865,238.11791946200174,257.45379263007635,250.4901574964606,176.17336342591443,181.02458852281416
64,2079,18.705765,21.42046,19.276716,17.532179,19.628754,19.03465,237.35643838735996,249.88570943478408,245.4729602639418,188.3408449597482,134.87255171858124,238.59551849382115
65,2080,18.69349,20.794655,19.42355,17.14488,19.890451,19.339523,192.6366392503951,250.74197729554726,290.45675176785153,163.1089740905736,148.55637977861988,119.52677482358922
66,2081,18.989014,21.048882,19.51108,17.904833,19.904118,18.964632,180.8174153080472,285.00548490128494,222.10733279389387,226.8669667213544,179.23721464539994,190.0873806578602
67,2082,18.438297,20.928133,19.263086,17.49609,19.311192,19.470238,190.46053346028202,256.2725639952987,284.4952061956974,197.3288906061498,203.72729661066842,169.98987567239965
68,2083,17.781548,21.352835,19.786146,17.329319,20.539389,18.635628,218.6731626454275,172.18670358633972,261.632816461497,197.21879853168502,179.54033212299692,218.23414957034402
69,2084,18.219013,20.883335,19.721077,17.326271,20.85513,18.315687,154.16101612036073,374.61331220401917,251.3256775602713,224.44525813843939,167.5683127845332,167.60184030499659
70,2085,18.481441,20.644173,19.106203,17.482702,20.150887,18.70912,144.71620865942896,286.53754212136846,267.91274866409367,201.56236101811373,182.45832438951766,168.5681742579618
71,2086,18.230394,21.05915,19.315392,17.900795,19.73415,19.567228,172.13439677470888,268.61016822113015,217.5613705680007,220.2762463446561,160.97994176743669,160.46529976774764
72,2087,18.412453,21.171,19.100332,17.076271,20.221853,17.825676,261.38059361510386,319.6956540014071,217.41968939895742,232.34382707523764,159.8638369498076,190.93672629387584
73,2088,18.735514,21.067888,19.633951,18.194563,19.971876,18.446,189.79745550404914,271.16788058920065,209.34632497701386,208.25582903125905,161.55902216669347,186.87072609827737
74,2089,19.199677,21.504677,19.493591,18.270683,20.674644,19.235388,198.19141382013186,324.22682155920484,244.6345331154589,273.1615787757619,165.60774897006922,187.6525131426206
75,2090,19.137735,21.839401,19.74752,18.204206,20.110426,19.365423,186.9102111137181,257.1566342605365,185.77851163536252,217.33605846893624,200.02061573104584,176.04979407187784
76,2091,18.533678,22.152534,18.750248,17.666525,19.74224,18.114828,213.2677868452447,333.46564925304847,268.3660528251494,219.26928552311438,196.04235636579688,179.66722484597994
77,2092,18.993296,21.725544,19.860891,17.441368,20.445177,18.743786,193.53010003105737,257.1542895049788,297.34956775791943,243.07677150172822,206.30488896986208,169.54891750274328
78,2093,18.443693,22.60658,19.702583,17.46769,20.938639,18.840305,247.22600180102745,243.585447634905,261.6072200396957,252.70956381064025,183.83777985727647,159.0634899224824
79,2094,17.992226,21.64547,19.399641,17.413202,19.927599,18.68792,220.04524785006652,331.6460098445532,219.10610765698948,161.35776334285765,161.6165117087803,170.15092670044396
80,2095,18.226278,22.134445,20.672075,17.495544,20.90731,18.40018,134.50351958608735,264.34114459007105,246.89895779665676,247.87952051156026,192.40177184692584,216.26208424640936
81,2096,19.299194,21.516829,19.519163,16.587276,21.172197,18.755157,222.45235015798244,298.2410912425621,248.40250745437515,225.34942428992508,140.56774855089316,181.4779369079588
82,2097,19.478273,21.422493,19.991106,16.917469,20.71217,19.082684,217.7998643470346,202.92225549983414,181.95005346187827,251.2788842221198,160.17661973392023,166.62151553246076
83,2098,18.593245,21.258545,19.76461,17.022932,20.951988,19.28739,182.1874459150422,295.04576860854286,331.7188008259109,196.36197857689695,151.88066001610423,214.278969825682
84,2099,18.926517,21.777214,19.255997,17.520742,20.579828,19.106298,163.7095668396796,293.10034650079615,244.50420186840347,206.20031074977305,204.7596524869732,201.05024313743343
85,2100,18.5431,22.243576,19.713264,17.364738,21.163788,18.45608,194.14257800453925,358.42044286910095,264.90557215656736,311.17002708597283,138.66076792173772,175.36137529168627
