ano,temp_mpi_esm1_2_lr_ssp2_4_5,temp_gfdl_esm4_ssp5_8_5,temp_gfdl_esm4_ssp2_4_5,temp_mpi_esm1_2_lr_ssp1_2_6,temp_mpi_esm1_2_lr_ssp5_8_5,temp_gfdl_esm4_ssp1_2_6,prec_ec_earth3_veg_lr_ssp5_8_5,prec_access_cm2_ssp5_8_5,prec_access_cm2_ssp2_4_5,prec_access_cm2_ssp1_2_6,prec_ec_earth3_veg_lr_ssp1_2_6,prec_ec_earth3_veg_lr_ssp2_4_5,prec_merge,temp_samet
2015,19.03768,23.17272,23.408936,18.100962,18.086374,23.086313,712.033816112671,669.1345778061077,808.1198283936828,559.8516442347318,649.7260662261397,460.47059695702046,159.73849,18.41888
2016,19.022074,23.026773,23.653269,19.5289,19.535095,22.481894,807.3940000031143,959.2608877457678,492.35991302412003,337.9191242856905,762.1872318733949,584.9269017577171,129.18713,17.35415
2017,18.408234,23.12676,24.006805,18.98121,19.707163,23.381287,587.988086999394,1062.7115944458637,789.3650776008144,1170.531389862299,928.9495416451246,609.1460421681404,124.37553,18.14327
2018,18.56015,23.414398,23.880625,17.156363,19.831085,23.869394,666.202827275265,1134.9943453911692,1360.6256263330579,668.017657881137,398.5605440684594,716.4117499894928,113.65976,17.84457
2019,18.594696,24.067617,23.396158,19.070608,19.340973,23.478525,691.2825406179763,1002.6931883767247,499.71071333857253,1232.2074458934367,975.5201838270295,818.391983374022,132.21355,18.44036
2020,19.70286,24.13627,23.58314,19.518473,18.270468,23.706268,839.9063972057775,734.9386943271384,659.9291487713344,621.5708298725076,473.3149172505364,919.433611817658,111.36441,17.84654
2021,19.86258,23.770681,23.648651,19.061392,18.765442,24.085287,761.4526221295819,1508.7486215634272,766.743239806965,545.3728075604886,792.0174816157669,1172.1493050456047,121.28284,17.53975
2022,19.44097,23.568106,24.017385,20.043234,18.29545,25.147074,420.4727859701961,527.9478715849109,494.20772599987686,619.9354211334139,790.5489382334054,586.0105586238205,149.48109,17.3303
2023,18.86741,23.297842,23.44108,19.517447,18.579702,23.27887,862.0522141456604,834.4682754250243,494.50068373116665,642.9286553990096,801.0496526258066,720.1765282137785,155.76582,18.10225
2024,18.518982,23.270914,23.487976,19.192942,18.181906,23.279318,445.5688707414083,1657.507326733321,1671.0463858908042,814.28801844595,995.024913107045,522.711889562197,134.24266,18.48154
2025,18.665415,24.041046,23.239706,19.805258,19.561462,23.256327,1000.0664090970531,1120.3543140320107,500.947681395337,1011.2947180517949,703.2079640775919,482.3684715433046,102.01264,17.68752
2026,18.479605,23.52598,24.185263,18.673065,19.130014,23.983612,527.9149442212656,1015.9059077734128,351.8373222788796,819.0407791407779,637.6829757762607,790.838810428977,96.34631,17.87738
2027,18.841085,23.14209,24.290457,18.71041,19.629904,23.815805,565.9469865378924,997.8868481470272,971.402263501659,1055.1890135742724,388.49067783448845,594.4670921657234,,
2028,20.77945,24.611673,23.602152,18.24816,19.915506,22.986685,844.378270895686,754.7406501369551,799.5157775469124,1117.4172926461324,660.8202639967203,523.010591045022,,
2029,20.900116,23.458944,23.548452,19.217295,19.121683,23.399363,886.3777781138197,1551.1951255146414,432.79673670767806,613.6258581303991,519.6032766834833,909.8008770262823,,
2030,19.200815,23.243338,24.006735,20.12205,18.4292,23.886984,1056.066496996209,974.1814917884767,491.26658574678004,1048.358887550421,861.4582083653659,697.831580042839,,
2031,19.502167,23.749033,23.751953,19.736593,19.386728,23.51351,739.3166792811826,756.7529826890677,1017.1658668667078,945.4809352057055,1058.4344546310604,929.9677657603752,,
2032,19.005625,23.59661,23.968924,19.07543,18.691315,23.865042,594.3159045302309,1019.124212837778,448.84626995190047,889.8318939842284,730.3977287141606,486.0550877870992,,
2033,18.421335,23.70163,22.954254,19.13378,19.327341,23.715963,1094.561813492328,1565.677976072766,874.2871860042214,944.0326510928571,319.7133260197006,806.9069552700967,,
2034,19.61622,23.855133,23.45701,18.684967,19.22997,24.153433,681.7809605039656,1370.8325951476581,1430.0885580014437,912.3445195611566,803.1375030084746,959.2485327157192,,
2035,20.201172,23.037964,24.074259,18.457449,18.498444,23.864798,797.0683814724907,699.1964008309878,468.42540947254747,741.2345802644268,615.7322431798093,477.8160990506876,,
2036,18.863302,23.025003,23.51711,19.039948,18.815237,23.214224,469.63252894347534,925.9264414664358,632.8604182926938,395.7449645153247,638.5459776269272,1116.0371056292206,,
2037,19.044159,23.586588,25.528503,18.312723,18.823538,23.706024,1452.2344227181748,708.8071919046342,411.7510530457366,957.9180527944118,422.9532891215058,1180.8537617675029,,
2038,19.090006,23.493591,24.53895,19.618124,18.86312,23.539907,502.97447775956243,950.0275101978332,956.6729095531628,556.2300412799232,852.2481305175461,766.0919923335314,,
2039,20.065073,23.856375,24.14853,19.469238,18.443247,23.458994,622.6558926980942,936.8846619268879,531.3462161575444,674.0808400791138,616.0343358758837,786.916074086912,,
2040,18.375967,23.537222,24.627096,19.393341,19.794098,22.842916,742.5741663901135,844.3411416839808,808.4449347574264,878.9716569241136,826.7335369018838,909.5595973427407,,
2041,20.475891,24.648651,24.879547,18.652304,20.296997,24.564707,424.6045854699332,943.3597600786015,867.8037149598822,739.6254465915263,418.4768078732304,820.3315769322217,,
2042,20.700134,23.454214,23.42221,19.351938,18.801727,23.63259,523.975979781244,604.6898326836526,590.360785543453,871.7642673058435,658.0768023384735,1028.9189076866023,,
2043,19.660217,23.707743,24.440817,18.946482,20.243805,22.9068,713.3372857701033,1428.2868553418666,535.2182653499767,1049.1210797801614,554.9307527253404,1223.2581438263878,,
2044,20.448975,23.721659,24.21522,19.197876,19.978018,23.466074,738.2363460492343,1372.2271381644532,1101.9052093382925,999.3103945394978,1015.6780870165676,817.0694290660322,,
2045,19.158508,23.078714,23.759806,19.580963,19.43216,24.022003,575.4826196003705,792.0854023774154,1175.392656493932,768.660853500478,791.7344653978944,728.346500149928,,
2046,19.068888,23.577606,23.297964,18.96521,19.073364,23.865194,1248.9581465022638,849.058805097593,790.6105219619349,641.3116633775644,836.2219221191481,983.2372821634635,,
2047,20.684265,24.18331,23.823568,21.10435,20.362976,23.678305,540.5863569583744,993.5092076892033,955.3351873531938,925.6169380154461,827.3122163722292,783.8987951399758,,
2048,20.010458,23.792795,23.32786,18.878174,19.471628,24.437988,924.6300267521292,755.1223224028945,554.4765459315386,694.337944232393,833.4978610044345,725.670019746758,,
2049,19.563925,24.93453,24.681345,18.737274,19.959116,24.812723,1335.7699889224023,786.7392340558581,1033.589843614027,1579.138811957091,715.009948820807,793.3260919991881,,
2050,19.53006,24.26059,23.852905,19.971048,21.14266,23.683615,846.3398279738612,913.1754526169971,671.8698451062664,700.8583832415752,1001.2192204361781,879.8097118735313,,
2051,19.811066,23.350058,23.543833,19.749796,20.504883,23.87387,742.1176454052329,1074.4486499810591,687.4073658138514,772.6207658881322,809.7684571752325,1054.1888951556757,,
2052,18.352173,23.907663,23.778198,19.085358,18.665314,24.278818,411.7160660913214,550.0861991895363,905.6025669677183,1032.1257035597228,683.5997723042965,680.6222160346806,,
2053,19.800882,24.680319,23.256348,18.72938,20.136435,23.532999,509.3181719770655,663.4303606697358,852.7404706226662,744.1213058307767,690.9474460640922,660.9717568382621,,
2054,19.260416,23.928946,24.474304,19.074167,20.435446,24.352377,1074.1901432862505,1361.1294558271766,586.1703262897208,710.6401563389227,819.1630891291425,429.3562194798142,,
2055,20.06723,24.532532,23.907785,19.77659,21.248138,24.889404,851.1379182105884,931.9014492910355,1078.0078918905929,809.880654187873,643.1511270347983,469.8315745219588,,
2056,21.076548,24.612558,23.45098,20.705332,19.524445,24.739288,1000.2647540532053,1545.7829126156867,781.6019288264215,758.7198021356016,887.5839379616082,660.4050046065822,,
2057,18.738932,23.831238,24.74462,20.339834,21.22406,23.947296,1068.5578362783417,938.7207566876896,316.53101656702347,713.6320180026814,814.5000662421808,897.2705732099712,,
2058,20.089243,23.906067,24.317148,19.579712,21.400574,23.069458,905.4642353905365,972.9295186582021,1183.4956577047706,1094.629847095348,1003.9839270757511,955.2087773568928,,
2059,20.812866,24.217966,23.94753,20.142405,20.973135,23.850677,601.233533222694,356.83552112895995,966.7293904116377,786.4545069867745,894.4171748240478,876.1510972632095,,
2060,21.146414,24.9098,24.491385,19.834818,21.632223,24.18876,293.08728732867166,968.7702407129109,809.4799566781148,908.9130411157385,642.1596725704148,870.3033279860392,,
2061,19.703531,24.15384,24.361399,21.0371,20.181742,23.944803,750.65645853756,1296.84636304155,1536.0726127400994,976.4118263265118,800.7060981122777,627.6417267741635,,
2062,20.483652,23.767181,24.320272,18.835276,19.312378,24.12503,1212.2540971962735,617.8026107721962,684.7740543074906,766.0592507338151,521.6183070559055,662.5217257998884,,
2063,20.54129,24.447113,24.035522,19.056906,20.026266,23.821371,454.2023918882478,1851.740438863635,1387.4250962398946,427.9381264059339,624.2710104212165,905.861766426824,,
2064,20.026163,24.112051,23.859802,19.488047,19.807535,23.873209,788.036416657269,1142.643864476122,809.9035751307383,889.1113914549351,892.243212251924,867.748188204132,,
2065,18.855886,24.166525,24.715647,19.663382,19.598257,23.725647,607.9799784114584,1121.8198858201504,1281.180928624235,925.521594285965,893.5961271752603,595.4382914467715,,
2066,20.594574,25.058624,24.282135,19.521372,20.477356,23.484121,1000.1843412173912,804.1171456687152,1284.3318111263216,704.2683567618951,696.5812684153207,772.9790721321478,,
2067,19.97103,25.19101,23.982544,18.98997,20.102264,23.234293,1111.747098597698,1677.1657118573785,1010.6618838384748,632.9992483835667,548.8002067431808,740.7006620429456,,
2068,20.539093,24.734293,24.64505,20.733164,20.506714,23.899994,850.1023003365844,741.120500152465,516.9046249939129,970.1573207974434,770.3471713000908,875.7106797478627,,
2069,19.718271,25.174814,24.29716,19.143167,19.45337,25.185852,1302.1662327228114,1016.0316206049174,727.447925764136,628.2068734522909,940.118699404411,770.7558227120899,,
2070,20.413565,25.126413,24.75122,18.510193,20.2176,24.206411,718.4854008257389,1253.8259541615844,1031.5119511680678,375.2973435795866,746.998869557865,192.2253876866307,,
2071,20.262686,25.219126,24.330536,19.434479,20.594534,23.926413,473.3194585656747,1267.9328754195012,1025.7128771860152,1424.9733473639935,682.389913208317,603.4058861550875,,
2072,21.422556,24.9681,24.970102,19.729218,19.615662,23.727335,986.0116717871279,601.6337011009455,1017.3167939297855,803.5442974884063,652.5250766426325,498.4699856839143,,
2073,20.524515,25.713888,24.801249,19.693075,19.657867,23.526754,716.2313438253477,634.7037323866971,783.618021919392,806.0357677051798,985.4532949626446,635.9309753403068,,
2074,20.691376,24.924479,24.719238,17.910471,19.843231,23.807404,884.6539639751427,833.5990215651691,759.7185897175223,1241.9426991138607,593.4318829094991,588.5017591528594,,
2075,20.270945,24.767874,24.018911,19.347757,20.950134,23.772186,933.138346625492,943.6461935983971,902.8338533593342,737.0433644391596,1167.6207840442657,765.6953030498698,,
2076,20.419739,25.073008,24.425009,19.544931,21.428986,24.347992,747.4340789252892,1599.8775749467313,1588.0377037916332,670.66219097469,917.7886373363435,582.6430147164501,,
2077,19.711557,24.665253,23.399546,20.028189,21.289804,23.963022,877.2690509911627,475.4632792901248,1091.8163948692381,559.4243309344165,747.2721892758273,758.0439476994798,,
2078,20.155233,25.102285,23.408194,19.822357,21.489594,23.255056,1036.9976454880089,1190.682772337459,532.0855697966181,675.2721834462136,758.8110313983634,613.3828754536808,,
2079,20.52476,26.197378,24.434418,19.541168,21.05606,24.498087,954.5530171715654,310.92144552385435,1241.7441001860425,1279.271742515266,586.7107779951766,1203.5027673002332,,
2080,19.921906,24.888845,24.209625,19.291077,21.443909,23.939047,686.3291523652151,1040.4515262460336,1534.5330949639902,813.4378624381498,729.4418557430618,697.0103356288746,,
2081,20.2506,25.139933,24.207357,19.376526,22.084158,23.786734,1222.2923920489848,814.5624379743822,1253.9550736080855,670.316622289829,746.3484078878537,932.3084074538201,,
2082,20.574738,25.380484,24.9057,19.223581,21.525412,24.282206,814.6210611099377,953.5811609588563,662.0421188534237,1098.9951026625931,754.8949633841403,733.6566459853202,,
2083,19.695456,25.536224,24.249857,18.98644,21.068949,24.218912,868.3985348325223,717.3973777214997,1211.6174411494285,884.4722419045866,628.1959155807272,1486.1483801621944,,
2084,20.547434,24.899912,24.559805,18.64158,22.481852,23.152863,486.99410527478904,1127.8245341498405,979.0495043853298,824.2613672744483,554.1423558373936,456.6680743941106,,
2085,20.001822,25.24347,24.370798,19.101217,22.144186,23.68747,874.3794588139281,936.3436966203153,678.0014924705029,989.9081076029688,635.8842954738066,719.6582388365641,,
2086,18.488638,25.513113,24.880686,20.312338,21.412292,24.135508,505.85110119427554,421.10169116640463,960.0737020606175,745.6506164919119,1001.2818313669413,448.50259363884106,,
2087,19.780487,25.75241,24.415457,19.168936,20.80599,23.627542,723.3345968881622,1266.1900882143527,727.2183240624145,1233.122346131131,622.5745148956776,500.68003894994035,,
2088,20.444834,25.9983,24.039999,20.274729,21.936453,23.237253,1060.2903811843134,982.7933390624821,1117.9158591432497,426.8775782897137,744.5040329592302,935.1158794015646,,
2089,19.665497,25.474375,23.840057,19.8526,21.742472,24.052267,575.2224275143817,808.269864670001,1226.8355359090492,942.2114253044128,694.2999368067831,1139.2688846681267,,
2090,21.355164,25.637136,24.292196,20.391855,21.928925,23.803598,845.0030267355032,1577.4503102526069,1762.1045063249767,1095.7001704489812,725.6036979379132,1048.1350989080966,,
2091,19.921396,26.780813,23.45288,19.504038,21.387207,23.466146,762.7285971539095,757.2035177377984,537.0365151437,844.8314446723089,1261.0754672437906,654.4821885880083,,
2092,21.042898,25.807413,24.358835,18.373596,22.1633,23.749094,746.9967394019477,1307.998797018081,1240.9884030930698,1039.866703050211,938.1898264051415,384.781385504175,,
2093,19.72342,25.606852,24.426056,18.563822,22.36555,23.742432,1162.251682835631,1174.3686471367255,1308.2496122689918,1124.8352266615257,827.3087443783879,729.0649495320395,,
2094,20.095316,26.532532,24.455282,19.146677,22.24819,23.650259,585.8093546004966,1104.8729468369856,1164.4165681209415,483.350816660095,639.1518594115041,928.663729224354,,
2095,19.651917,25.733755,24.483206,19.600708,22.866415,23.536581,383.5979897528887,474.1165370098315,698.888986359816,446.97949066758156,917.4133501946926,965.8214894821867,,
2096,20.073324,25.488739,25.05839,17.920725,22.047983,23.045288,422.1170686301775,735.4737038724124,534.3309801304713,1156.6328809596598,554.9034136813134,797.6464096689597,,
2097,21.051025,25.692331,24.930328,18.411478,22.547913,23.148245,1122.1621189266443,644.2968585994095,1000.5733466008678,1098.5567695694044,404.4385730638169,717.7012865664437,,
2098,20.256247,25.247864,24.80433,18.173574,22.347961,24.131998,1297.3928013117984,859.2727164854296,1160.2924265898764,614.5147152710706,641.6570013505407,768.9380208263174,,
2099,20.250498,24.890635,24.143738,18.271027,22.436218,24.15149,561.2124087056145,801.8539321725257,991.2710352335125,653.2406424405053,651.4542824355885,664.3211175687611,,
2100,20.694244,26.180796,25.208181,18.918945,22.634043,24.140219,668.58508590376,2056.2736485153437,752.8657528746407,1523.534335847944,470.8621223922819,858.4082173649222,,
